{
  "id": "Casanovo_20250626_112436",
  "software_name": "Casanovo",
  "software_version": "1.0",
  "checkpoint": null,
  "n_beams": 5,
  "n_peaks": 150,
  "precursor_mass_tolerance": 50,
  "min_peptide_length": 5,
  "max_peptide_length": 100,
  "min_mz": 50.0,
  "max_mz": 2500.0,
  "min_intensity": 0.01,
  "max_intensity": null,
  "tokens": "G; A; S; P; V; T; C+57.021; L; I; N; D; Q; K; E; M; H; F; R; Y; W; M+15.995; N+0.984; Q+0.984; +42.011; +43.006; -17.027; +43.006-17.027",
  "min_precursor_charge": null,
  "max_precursor_charge": 8,
  "remove_precursor_tol": 2.0,
  "isotope_error_range": "[0, 1]",
  "decoding_strategy": "beam search",
  "is_temporary": true,
  "intermediate_hash": "4537c4a6743f94e643203a4d120a9ddbba59f45e",
  "results": {
    "peptide": {
      "exact": {
        "precision": 0.24895400440324716,
        "recall": 0.24895400440324716,
        "coverage": 1.0
      },
      "mass": {
        "precision": 0.6497674639270964,
        "recall": 0.6497674639270964,
        "coverage": 1.0
      }
    },
    "aa": {
      "exact": {
        "precision": 0.7650101981615777,
        "recall": 0.7600276882504087,
        "coverage": 0.9934870019731206
      },
      "mass": {
        "precision": 0.8255851861295742,
        "recall": 0.8202081514412914,
        "coverage": 0.9934870019731206
      }
    },
    "in_depth": {
      "PTM": {
        "M-Oxidation": {
          "counts_gt": 62815,
          "correct_gt": 43017,
          "counts_dn": 54810,
          "correct_dn": 43466
        },
        "Q-Deamidation": {
          "counts_gt": 25212,
          "correct_gt": 1955,
          "counts_dn": 7649,
          "correct_dn": 1951
        },
        "N-Deamidation": {
          "counts_gt": 59437,
          "correct_gt": 17605,
          "counts_dn": 34490,
          "correct_dn": 17689
        },
        "N-term Acetylation": {
          "counts_gt": 11373,
          "correct_gt": 5052,
          "counts_dn": 11419,
          "correct_dn": 5052
        },
        "N-term Carbamylation": {
          "counts_gt": 18352,
          "correct_gt": 11622,
          "counts_dn": 13420,
          "correct_dn": 11622
        },
        "N-term Ammonia-loss": {
          "counts_gt": 19993,
          "correct_gt": 13266,
          "counts_dn": 19556,
          "correct_dn": 13266
        }
      },
      "Spectrum": {
        "Missing Fragmentation Sites": {
          "0": {
            "exact": 0.33093032572933995,
            "mass": 0.832087314402263,
            "n_spectra": 411845
          },
          "1": {
            "exact": 0.24676970002641882,
            "mass": 0.6848716285995629,
            "n_spectra": 166548
          },
          "2": {
            "exact": 0.16241984084060881,
            "mass": 0.4683149192613768,
            "n_spectra": 64715
          },
          "3": {
            "exact": 0.10088040092103481,
            "mass": 0.30396857645943387,
            "n_spectra": 36915
          },
          "4": {
            "exact": 0.06273017431868402,
            "mass": 0.192814469269171,
            "n_spectra": 24438
          },
          "5": {
            "exact": 0.0319533527696793,
            "mass": 0.11276967930029158,
            "n_spectra": 17150
          },
          "6": {
            "exact": 0.0195274831243973,
            "mass": 0.07071681131468976,
            "n_spectra": 12444
          },
          "7": {
            "exact": 0.011424300661968824,
            "mass": 0.04719197095878713,
            "n_spectra": 9366
          },
          "8": {
            "exact": 0.005492996429552321,
            "mass": 0.030898104916231794,
            "n_spectra": 7282
          },
          "9": {
            "exact": 0.004612382472946603,
            "mass": 0.02040092247649461,
            "n_spectra": 5637
          },
          "10": {
            "exact": 0.0029418420457116997,
            "mass": 0.010635890472957654,
            "n_spectra": 4419
          },
          "11": {
            "exact": 0.0016506189821182944,
            "mass": 0.008528198074277848,
            "n_spectra": 3635
          },
          "12": {
            "exact": 0.0013722126929674098,
            "mass": 0.007547169811320753,
            "n_spectra": 2915
          },
          "13": {
            "exact": 0.0020807324178110697,
            "mass": 0.005826050769870972,
            "n_spectra": 2403
          },
          "14": {
            "exact": 0.0010604453870625664,
            "mass": 0.00689289501590673,
            "n_spectra": 1886
          },
          "15": {
            "exact": 0.0,
            "mass": 0.005131494547787052,
            "n_spectra": 1559
          },
          "16": {
            "exact": 0.0007757951900698216,
            "mass": 0.003103180760279267,
            "n_spectra": 1289
          },
          "17": {
            "exact": 0.0,
            "mass": 0.003696857670979714,
            "n_spectra": 1082
          },
          "18": {
            "exact": 0.0,
            "mass": 0.0022650056625141968,
            "n_spectra": 883
          },
          "19": {
            "exact": 0.0,
            "mass": 0.002954209748892156,
            "n_spectra": 677
          },
          "20": {
            "exact": 0.0,
            "mass": 0.0035398230088495852,
            "n_spectra": 565
          },
          "21": {
            "exact": 0.0,
            "mass": 0.0,
            "n_spectra": 429
          },
          "22": {
            "exact": 0.0,
            "mass": 0.0,
            "n_spectra": 371
          },
          "23": {
            "exact": 0.0,
            "mass": 0.0,
            "n_spectra": 261
          },
          "24": {
            "exact": 0.0,
            "mass": 0.0,
            "n_spectra": 260
          },
          "25": {
            "exact": 0.0,
            "mass": 0.0,
            "n_spectra": 199
          },
          "26": {
            "exact": 0.0,
            "mass": 0.0,
            "n_spectra": 152
          },
          "27": {
            "exact": 0.0,
            "mass": 0.0,
            "n_spectra": 102
          },
          "28": {
            "exact": 0.0,
            "mass": 0.0,
            "n_spectra": 87
          },
          "29": {
            "exact": 0.0,
            "mass": 0.0,
            "n_spectra": 83
          },
          "30": {
            "exact": 0.0,
            "mass": 0.0,
            "n_spectra": 71
          }
        },
        "Peptide Length": {
          "5": {
            "exact": null,
            "mass": null,
            "n_spectra": 0
          },
          "6": {
            "exact": 0.5848423876592891,
            "mass": 0.9631120053655264,
            "n_spectra": 1491
          },
          "7": {
            "exact": 0.4856080327259204,
            "mass": 0.9600595016734845,
            "n_spectra": 13445
          },
          "8": {
            "exact": 0.4691772231280572,
            "mass": 0.9395459676407877,
            "n_spectra": 31892
          },
          "9": {
            "exact": 0.420038805900367,
            "mass": 0.8984267246417468,
            "n_spectra": 42777
          },
          "10": {
            "exact": 0.3889261744966443,
            "mass": 0.8580164056674124,
            "n_spectra": 53640
          },
          "11": {
            "exact": 0.34507924575581034,
            "mass": 0.8096065902399299,
            "n_spectra": 63852
          },
          "12": {
            "exact": 0.30736865503389804,
            "mass": 0.7728117110966451,
            "n_spectra": 62983
          },
          "13": {
            "exact": 0.31385823463831575,
            "mass": 0.7485579486516618,
            "n_spectra": 61891
          },
          "14": {
            "exact": 0.29630039700741817,
            "mass": 0.7062935956851146,
            "n_spectra": 63223
          },
          "15": {
            "exact": 0.22477437621659882,