{
  "id": "PepNet_20250619_105936",
  "software_name": "PepNet",
  "software_version": "1.0",
  "checkpoint": null,
  "n_beams": 5,
  "n_peaks": 150,
  "precursor_mass_tolerance": 50,
  "min_peptide_length": 6,
  "max_peptide_length": 100,
  "min_mz": 50.0,
  "max_mz": 2500.0,
  "min_intensity": 0.01,
  "max_intensity": null,
  "tokens": "G; A; S; P; V; T; C(+57.02); L; I; N; D; Q; K; E; M; H; F; R; Y; W; M(+15.99); N(+.98); Q(+.98); +42.011; +43.006; -17.027; +43.006-17.027",
  "min_precursor_charge": null,
  "max_precursor_charge": 10,
  "remove_precursor_tol": 2.0,
  "isotope_error_range": "[0, 1]",
  "decoding_strategy": "beam search",
  "is_temporary": true,
  "intermediate_hash": "41100702e08f0335fdaf36d48066103986e8a802",
  "results": {
    "peptide": {
      "exact": {
        "precision": 0.2687777777777778,
        "recall": 0.2687777777777778,
        "coverage": 1.0
      },
      "mass": {
        "precision": 0.48544444444444446,
        "recall": 0.48544444444444446,
        "coverage": 1.0
      }
    },
    "aa": {
      "exact": {
        "precision": 0.7313197108949764,
        "recall": 0.7221375390986388,
        "coverage": 0.9874443808097273
      },
      "mass": {
        "precision": 0.7313197108949764,
        "recall": 0.7221375390986388,
        "coverage": 0.9874443808097273
      }
    }
  },
  "precision": 0.48544444444444446,
  "recall": 0.48544444444444446,
  "comments": "",
  "proteobench_version": "0.8.11.dev13+gdf97b65.d20250521",
  "old_new": "old"
}