{
  "id": "Pi-HelixNovo_20250701_151141",
  "software_name": "Pi-HelixNovo",
  "software_version": "1.0",
  "checkpoint": null,
  "n_beams": 2,
  "n_peaks": 150,
  "precursor_mass_tolerance": 50,
  "min_peptide_length": null,
  "max_peptide_length": 100,
  "min_mz": 50.52564895,
  "max_mz": 2500.0,
  "min_intensity": 0.01,
  "max_intensity": null,
  "tokens": "G; A; S; P; V; T; C+57.021; L; I; N; D; Q; K; E; M; H; F; R; Y; W; M+15.995; N+0.984; Q+0.984; +42.011; +43.006; -17.027; +43.006-17.027",
  "min_precursor_charge": null,
  "max_precursor_charge": 10,
  "remove_precursor_tol": 2.0,
  "isotope_error_range": "[0, 1]",
  "decoding_strategy": "greedy search",
  "is_temporary": true,
  "intermediate_hash": "8403184026aeabac9c04c6ab882b78ae0b7e3887",
  "results": {
    "peptide": {
      "exact": {
        "precision": 0.22905011456993637,
        "recall": 0.22904835237261165,
        "coverage": 0.9999923064988286
      },
      "mass": {
        "precision": 0.594798127387408,
        "recall": 0.5947935513073181,
        "coverage": 0.9999923064988286
      }
    },
    "aa": {
      "exact": {
        "precision": 0.7159062225638774,
        "recall": 0.7170892147660484,
        "coverage": 1.0016524401728684
      },
      "mass": {
        "precision": 0.7808620041242443,
        "recall": 0.7821523318693258,
        "coverage": 1.0016524401728684
      }
    },
    "in_depth": {
      "PTM": {
        "M-Oxidation": {
          "counts_gt": 62815,
          "correct_gt": 39107,
          "counts_dn": 54911,
          "correct_dn": 39490
        },
        "Q-Deamidation": {
          "counts_gt": 25212,
          "correct_gt": 865,
          "counts_dn": 13645,
          "correct_dn": 859
        },
        "N-Deamidation": {
          "counts_gt": 59437,
          "correct_gt": 15205,
          "counts_dn": 37571,
          "correct_dn": 15468
        },
        "N-term Acetylation": {
          "counts_gt": 11373,
          "correct_gt": 5516,
          "counts_dn": 27150,
          "correct_dn": 5516
        },
        "N-term Carbamylation": {
          "counts_gt": 18352,
          "correct_gt": 10193,
          "counts_dn": 12253,
          "correct_dn": 10193
        },
        "N-term Ammonia-loss": {
          "counts_gt": 19993,
          "correct_gt": 13574,
          "counts_dn": 31309,
          "correct_dn": 13574
        }
      },
      "Spectrum": {
        "Missing Fragmentation Sites": {
          "0": {
            "exact": 0.3106484235574063,
            "mass": 0.7787298619626316,
            "n_spectra": 411845
          },
          "1": {
            "exact": 0.22296274947762806,
            "mass": 0.6181281072123352,
            "n_spectra": 166548
          },
          "2": {
            "exact": 0.13718824365670487,
            "mass": 0.3938405909076861,
            "n_spectra": 64714
          },
          "3": {
            "exact": 0.08002383919380181,
            "mass": 0.24080294739123365,
            "n_spectra": 36914
          },
          "4": {
            "exact": 0.043293231852033716,
            "mass": 0.13974138636549638,
            "n_spectra": 24438
          },
          "5": {
            "exact": 0.023032069970845483,
            "mass": 0.07930029154518947,
            "n_spectra": 17150
          },
          "6": {
            "exact": 0.012375441980070716,
            "mass": 0.045644487303117987,
            "n_spectra": 12444
          },
          "7": {
            "exact": 0.007367072389493914,
            "mass": 0.029147982062780242,
            "n_spectra": 9366
          },
          "8": {
            "exact": 0.0034331227684702005,
            "mass": 0.01675363911013461,
            "n_spectra": 7282
          },
          "9": {
            "exact": 0.001951392584708178,
            "mass": 0.009224764945893194,
            "n_spectra": 5637
          },
          "10": {
            "exact": 0.0011314777098891152,
            "mass": 0.004752206381534285,
            "n_spectra": 4419
          },
          "11": {
            "exact": 0.0002751031636863824,
            "mass": 0.002475928473177458,
            "n_spectra": 3635
          },
          "12": {
            "exact": 0.0010291595197255575,
            "mass": 0.0010291595197255976,
            "n_spectra": 2915
          },
          "13": {
            "exact": 0.0,
            "mass": 0.0,
            "n_spectra": 2402
          },
          "14": {
            "exact": 0.0010604453870625664,
            "mass": 0.0010604453870625141,
            "n_spectra": 1886
          },
          "15": {
            "exact": 0.0006414368184733803,
            "mass": 0.0006414368184733954,
            "n_spectra": 1559
          },
          "16": {
            "exact": 0.0007757951900698216,
            "mass": 0.0007757951900698723,
            "n_spectra": 1289
          },
          "17": {
            "exact": 0.0,
            "mass": 0.0,
            "n_spectra": 1082
          },
          "18": {
            "exact": 0.0,
            "mass": 0.0,
            "n_spectra": 883
          },
          "19": {
            "exact": 0.0,
            "mass": 0.0,
            "n_spectra": 677
          },
          "20": {
            "exact": 0.0,
            "mass": 0.0,
            "n_spectra": 565
          },
          "21": {
            "exact": 0.0,
            "mass": 0.0,
            "n_spectra": 429
          },
          "22": {
            "exact": 0.0,
            "mass": 0.0,
            "n_spectra": 370
          },
          "23": {
            "exact": 0.0,
            "mass": 0.0,
            "n_spectra": 261
          },
          "24": {
            "exact": 0.0,
            "mass": 0.0,
            "n_spectra": 260
          },
          "25": {
            "exact": 0.0,
            "mass": 0.0,
            "n_spectra": 199
          },
          "26": {
            "exact": 0.0,
            "mass": 0.0,
            "n_spectra": 151
          },
          "27": {
            "exact": 0.0,
            "mass": 0.0,
            "n_spectra": 102
          },
          "28": {
            "exact": 0.0,
            "mass": 0.0,
            "n_spectra": 87
          },
          "29": {
            "exact": 0.0,
            "mass": 0.0,
            "n_spectra": 83
          },
          "30": {
            "exact": 0.0,
            "mass": 0.0,
            "n_spectra": 71
          }
        },
        "Peptide Length": {
          "5": {
            "exact": null,
            "mass": null,
            "n_spectra": 0
          },
          "6": {
            "exact": 0.6041206769683591,
            "mass": 0.9720382634289919,
            "n_spectra": 1359
          },
          "7": {
            "exact": 0.48558636399340194,
            "mass": 0.9593119157960883,
            "n_spectra": 12731
          },
          "8": {
            "exact": 0.4569425146217727,
            "mass": 0.9206061976928297,
            "n_spectra": 30947
          },
          "9": {
            "exact": 0.4029463563234804,
            "mass": 0.8687705269170356,
            "n_spectra": 42018
          },
          "10": {
            "exact": 0.36544806401456253,
            "mass": 0.8146497781485835,
            "n_spectra": 52738
          },
          "11": {
            "exact": 0.3286581403825734,
            "mass": 0.7659550864514493,
            "n_spectra": 63099
          },
          "12": {
            "exact": 0.2848649327016597,
            "mass": 0.7166724186615631,
            "n_spectra": 63746
          },
          "13": {
            "exact": 0.288663000065475,
            "mass": 0.6910233745825967,
            "n_spectra": 61092
          },
          "14": {
            "exact": 0.26713876989709623,
            "mass": 0.6456696647329403,
            "n_spectra": 63263
          },
          "15": {
            "exact": 0.21175955901653687,
            "mass": 0.6100796220141744,