{
  "id": "Pi-PrimeNovo_20250701_153217",
  "software_name": "Pi-PrimeNovo",
  "software_version": "1.0",
  "checkpoint": "./NON351/epoch=5-step=65000.ckpt",
  "n_beams": 5,
  "n_peaks": 800,
  "precursor_mass_tolerance": 50,
  "min_peptide_length": null,
  "max_peptide_length": 40,
  "min_mz": 1,
  "max_mz": 6500.0,
  "min_intensity": 0.0,
  "max_intensity": null,
  "tokens": "G; A; S; P; V; T; C+57.021; L; I; N; D; Q; K; E; M; H; F; R; Y; W; M+15.995; N+0.984; Q+0.984; +42.011; +43.006; -17.027; +43.006-17.027",
  "min_precursor_charge": null,
  "max_precursor_charge": 10,
  "remove_precursor_tol": 1,
  "isotope_error_range": "[0, 1]",
  "decoding_strategy": "beam search + PMC [0.1 Da]",
  "is_temporary": true,
  "intermediate_hash": "5486206892d384c11a5954dd9dce34d255fd3807",
  "results": {
    "peptide": {
      "exact": {
        "precision": 0.2542044419001332,
        "recall": 0.22319744473181097,
        "coverage": 0.8780233856790605
      },
      "mass": {
        "precision": 0.6823273243451644,
        "recall": 0.5990993474628756,
        "coverage": 0.8780233856790605
      }
    },
    "aa": {
      "exact": {
        "precision": 0.7575941857905629,
        "recall": 0.6638131537589133,
        "coverage": 0.8762120488902809
      },
      "mass": {
        "precision": 0.8463213272050869,
        "recall": 0.741556944129911,
        "coverage": 0.8762120488902809
      }
    },
    "in_depth": {
      "PTM": {
        "M-Oxidation": {
          "counts_gt": 62815,
          "correct_gt": 41459,
          "counts_dn": 49417,
          "correct_dn": 38353
        },
        "Q-Deamidation": {
          "counts_gt": 25212,
          "correct_gt": 3203,
          "counts_dn": 24423,
          "correct_dn": 2513
        },
        "N-Deamidation": {
          "counts_gt": 59437,
          "correct_gt": 17924,
          "counts_dn": 50294,
          "correct_dn": 16053
        },
        "N-term Acetylation": {
          "counts_gt": 11373,
          "correct_gt": 5215,
          "counts_dn": 10483,
          "correct_dn": 5215
        },
        "N-term Carbamylation": {
          "counts_gt": 18352,
          "correct_gt": 6968,
          "counts_dn": 7126,
          "correct_dn": 6968
        },
        "N-term Ammonia-loss": {
          "counts_gt": 19993,
          "correct_gt": 13924,
          "counts_dn": 19423,
          "correct_dn": 13924
        }
      },
      "Spectrum": {
        "Missing Fragmentation Sites": {
          "0": {
            "exact": 0.32910874454651384,
            "mass": 0.8468606888328862,
            "n_spectra": 369030
          },
          "1": {
            "exact": 0.2509867191070365,
            "mass": 0.7223130080737858,
            "n_spectra": 144418
          },
          "2": {
            "exact": 0.17920743551110063,
            "mass": 0.5297801659193639,
            "n_spectra": 55087
          },
          "3": {
            "exact": 0.11986784706184245,
            "mass": 0.37060559404670257,
            "n_spectra": 31176
          },
          "4": {
            "exact": 0.07333950587203353,
            "mass": 0.2453096827639979,
            "n_spectra": 20521
          },
          "5": {
            "exact": 0.045091918140825527,
            "mass": 0.15823794658342005,
            "n_spectra": 14415
          },
          "6": {
            "exact": 0.02926087782633479,
            "mass": 0.10526315789473684,
            "n_spectra": 10526
          },
          "7": {
            "exact": 0.017938931297709924,
            "mass": 0.0743002544529262,
            "n_spectra": 7860
          },
          "8": {
            "exact": 0.011816121722240207,
            "mass": 0.05001618646811268,
            "n_spectra": 6178
          },
          "9": {
            "exact": 0.007434944237918215,
            "mass": 0.028294093349855443,
            "n_spectra": 4842
          },
          "10": {
            "exact": 0.00546875,
            "mass": 0.02057291666666672,
            "n_spectra": 3840
          },
          "11": {
            "exact": 0.002856236115518883,
            "mass": 0.014598540145985384,
            "n_spectra": 3151
          },
          "12": {
            "exact": 0.0007797270955165692,
            "mass": 0.005068226120857666,
            "n_spectra": 2565
          },
          "13": {
            "exact": 0.002352941176470588,
            "mass": 0.0065882352941176725,
            "n_spectra": 2125
          },
          "14": {
            "exact": 0.0023752969121140144,
            "mass": 0.008313539192399078,
            "n_spectra": 1684
          },
          "15": {
            "exact": 0.0021691973969631237,
            "mass": 0.005784526391901634,
            "n_spectra": 1383
          },
          "16": {
            "exact": 0.0008748906386701663,
            "mass": 0.006124234470691214,
            "n_spectra": 1143
          },
          "17": {
            "exact": 0.002074688796680498,
            "mass": 0.009336099585062207,
            "n_spectra": 964
          },
          "18": {
            "exact": 0.0,
            "mass": 0.0012820512820512775,
            "n_spectra": 780
          },
          "19": {
            "exact": 0.0,
            "mass": 0.0033112582781457123,
            "n_spectra": 604
          },
          "20": {
            "exact": 0.0,
            "mass": 0.01195219123505975,
            "n_spectra": 502
          },
          "21": {
            "exact": 0.0,
            "mass": 0.002617801047120394,
            "n_spectra": 382
          },
          "22": {
            "exact": 0.0,
            "mass": 0.00303030303030305,
            "n_spectra": 330
          },
          "23": {
            "exact": 0.0,
            "mass": 0.0,
            "n_spectra": 235
          },
          "24": {
            "exact": 0.0,
            "mass": 0.0,
            "n_spectra": 225
          },
          "25": {
            "exact": 0.0,
            "mass": 0.0,
            "n_spectra": 173
          },
          "26": {
            "exact": 0.0,
            "mass": 0.0,
            "n_spectra": 126
          },
          "27": {
            "exact": 0.0,
            "mass": 0.0,
            "n_spectra": 94
          },
          "28": {
            "exact": 0.0,
            "mass": 0.0,
            "n_spectra": 79
          },
          "29": {
            "exact": 0.0,
            "mass": 0.0,
            "n_spectra": 71
          },
          "30": {
            "exact": 0.0,
            "mass": 0.016393442622950838,
            "n_spectra": 61
          }
        },
        "Peptide Length": {
          "5": {
            "exact": null,
            "mass": null,
            "n_spectra": 0
          },
          "6": {
            "exact": 0.6052855924978687,
            "mass": 0.9752770673486786,
            "n_spectra": 1173
          },
          "7": {
            "exact": 0.4808170024841292,
            "mass": 0.9746066795473365,
            "n_spectra": 10869
          },
          "8": {
            "exact": 0.47347425716735636,
            "mass": 0.9574245982925101,
            "n_spectra": 26823
          },
          "9": {
            "exact": 0.42537963315735045,
            "mass": 0.9252979916181353,
            "n_spectra": 36746
          },
          "10": {
            "exact": 0.3922718421110212,
            "mass": 0.8878848215653239,
            "n_spectra": 45703
          },
          "11": {
            "exact": 0.35955589642452795,
            "mass": 0.8532011248676089,
            "n_spectra": 54762
          },
          "12": {
            "exact": 0.31193364513300204,
            "mass": 0.8154596609178603,
            "n_spectra": 54736
          },
          "13": {
            "exact": 0.3268700154968439,
            "mass": 0.793249423593,
            "n_spectra": 52914
          },
          "14": {
            "exact": 0.3067822631626479,